;n1;R1;n2;R2;beta;gamma1;gamma2;eta;N;So;Uo;Qo;Co;R1o;R2o;nCo;NSE;RMSE;MARE;NSE_deaths;RMSE_deaths;MARE_deaths;Estado
0;0.009978739698462595;1.5267877355943495;0.03333333333333333;1.8040062284674154;0.012335062942381986;0.12985655096586285;0.2068505539573074;0.03175766549068471;14870000.008498978;11173211.062875252;6.663373633074658;1.0005897564620352;1.0;2.449775183086995;1.2236421385712453;2.8325971449790517;0.9901161929806144;74.82851750264662;0.09428092540274184;0.988016007827909;2.845161343536376;0.08885878259043908;BA
1;0.009999310233252533;1.6017383815312518;0.03333333333333333;2.0134680410804475;0.0521186149678132;0.03879766706393367;0.14897714801999712;0.02969928510718592;1599999.9993547788;1279749.1170431066;5.9764180182297375;0.8273392332209704;0.9999999999999519;2.0548971985236686;1.0091937020749198;2.9996967553276974;0.8315147723270477;9.244598613591789;0.29427940040105255;0.9090027364471338;0.2480761982212432;0.3343393047911772;TO
2;0.009985712095834827;1.6266676582844326;0.03333333333333333;2.051428421564554;0.04305073834159234;0.05409546250600636;0.1557918526418329;0.05278541637218474;2300000.0004439214;1840694.003221623;6.085773703796561;0.9957832018309863;1.0000000000000158;2.072367397857693;1.0507838270508172;3.0007267559444166;0.8890377815593437;23.599272596990417;0.2777750856603121;0.8843325464698988;1.1449364984961141;0.2267386210237764;SE
