;n1;R1;n2;R2;beta;gamma1;gamma2;eta;N;So;Uo;Qo;Co;R1o;R2o;nCo;NSE;RMSE;MARE;NSE_deaths;RMSE_deaths;MARE_deaths;Estado
0;0.0066;14.036501609553719;0.022000000000000002;-2.8501930550275945;0.013051703039766965;0.046850979251617575;0.14670083954426677;0.07990373940922015;45920000.00033163;36735983.125410296;5.9787395951828515;1.0041315475996244;1.0;-3.0607767764759584;13.671808078295616;3.2859994647901876;0.9685120011338241;1361.7842197020161;0.15623996055729855;0.9902758317063628;61.893769662847745;0.09418866967541203;SP
