n1;R1;n2;R2;beta;gamma1;gamma2;eta;N;So;Uo;Qo;Co;R1o;R2o;nCo;NSE;RMSE;MARE;NSE_deaths;RMSE_deaths;MARE_deaths;Estado
0.009981928333545805;9.86547828830113;0.02007197475960435;-4.078284641301838;0.0733883874549783;0.019939898262753553;0.07367703242497839;0.06638541061013326;160000.00452690764;158401.40059107298;299.39705895785517;46.41425567012458;46.0;-4.848632197002809;12.70260000825963;138.6405650601102;0.9931818470713089;419.75749153861744;0.062300002163116784;0.9878603944867582;37.35603825263939;0.090907962163527;Recife
0.00998963316425591;10.071121006288454;0.02164872311250411;-3.730045196705637;0.05058010949232511;0.0045319716245462716;0.14080873364152746;0.2;3060.4240770961915;3021.222534545205;9.230250914216269;2.0;1.0;-4.333421882095993;14.370291723500408;3.101397063960441;0.9408539660529013;5.994288937769791;0.1492062462761523;0.9295755504889459;1.3425511250009792;0.14571758021525869;Glória do Goitá
0.009983779505346532;9.0;0.02164556317873997;-5.0;0.12078758262775754;0.007695323474767118;0.0809373046507105;0.11960803466768068;13875.754991334208;13719.874585931839;34.52385055778268;6.0;3.0;-4.338312241816007;13.407245309156872;12.692713803389283;0.9854907546778832;22.093485134068313;0.07620151956833453;0.9805027426325978;2.9283463102496494;0.0874382656454599;Vitória de Santo Antão
