;n1;R1;n2;R2;beta;gamma1;gamma2;eta;N;So;Uo;Qo;Co;R1o;R2o;nCo;NSE;RMSE;MARE;NSE_deaths;RMSE_deaths;MARE_deaths;Estado
0;0.00699648665337192;14.486466978397138;0.019992057243034312;-2.7146922010028445;0.1506010451731797;0.04240821500519476;0.1423749372942494;0.07938358808947853;45919999.99999977;36735999.99999966;6.078168677373673;194.65858880864616;6.474872126557654;-3.1327960897048457;13.378603436144854;18.52192689470185;0.9904975291254217;748.0903288304736;0.08732604759224268;0.9912436713662134;58.73293818577933;0.07692796946654405;SP
