;n1;R1;n2;R2;beta;gamma1;gamma2;eta;N;So;Uo;Qo;Co;R1o;R2o;nCo;NSE;RMSE;MARE;NSE_deaths;RMSE_deaths;MARE_deaths;Estado
0;0.007373401483702562;13.746559174645988;0.019756720542236587;-1.809236831820658;0.31178615180320235;0.05125279974259965;0.14712830616367442;0.020000000000000014;45920000.0;36736000.00121793;5.766751307716956;1.021099700060869;0.9992570052932865;-3.1018442110664206;13.715251599056103;3.000000000379625;0.9487544369007794;1737.2563250460496;0.1540083038251989;0.24611727075609957;544.9700033948163;0.6960205049202614;SP
