;n1;R1;n2;R2;beta;gamma1;gamma2;eta;N;So;Uo;Qo;Co;R1o;R2o;nCo;NSE;RMSE;MARE;NSE_deaths;RMSE_deaths;MARE_deaths;Estado
0;0.009923518232619234;7.289698245214075;0.04550320215057249;9.47691259265469;0.5;0.0314424124607777;0.06988881240894404;0.02877469604588819;11369999.999013087;10489356.55314375;6.742990175476698;1.1356738796422219;1.0;-3.129105728178446;1.122542538110272;2.9996120129170274;0.9100568667025876;121.61508850117687;0.20103407538829166;0.9617495686526617;2.6633775537438873;0.11643505030486458;RS
1;0.009947418527756626;8.069060910895193;0.039662930423027314;9.392289569070856;0.10787807707440666;0.01858316035719218;0.06457232873079732;0.03131762211372303;1600000.0011572605;1236676.150750384;5.206064195611233;1.431750091077195;0.9999999999999999;-3.1003997508352885;0.9901765432423901;2.998477072879481;0.8257473621971101;9.401492966690133;0.31005888843036455;0.918565979793969;0.23467880556908088;0.3278830169206961;TO
